Username,Password,is_superuser
qoot7kl2,fQf#l5}|Gh}N,FALSE
byvd7bix,F4l^k<4p:Z{<,FALSE
l9xxy1xz,"&%""{-'l%R-`r",FALSE
r9aap3ke,Ujy1'(e4rgLh,FALSE
jwsrkvpr,!T*$t^5AY^nV,FALSE
5pulwu74,"l""gT*'Ik#0'K",FALSE
8lhal3yn,@Jf$]=*bd&>l,FALSE
iq5yvn7n,":cD,8.?dm^dY",FALSE
z6nblwsh,^<V0dr/)3w(r,FALSE
of42lkat,5lMR+|w>v>)#,FALSE
mz2biwm0,"itSU""rwY]!KA",FALSE
0v0ugacs,"t@~$v,(u5z6G",FALSE
5i1bamw4,@kLU1#y2iA}],FALSE
vhjaoodu,]vO.ZF'g@t=#,FALSE
vors5viv,$Ow]O_.P.TMJ,FALSE
dtmgkk2v,"[)[KSS&,Wux4",FALSE
axs09vtl,"4f,d@Cljj02G",FALSE
11xb1vwu,x*e0zC6dANH.,FALSE
ai87gv1d,n<:3PKdhCBnz,FALSE
9awcgsir,"~""VPaRXs99gP",FALSE
h4zfpono,88egV<mC0m?4,FALSE
3ldaram9,SZJ9CwOB1sej,FALSE
uxcu3bl0,>wACC&+J`t.],FALSE
9y9qgzw0,wK:4>RK'pGwt,FALSE
shfyr6yq,"ShCxB]""qK)Cy",FALSE
qn7ql1pg,Q+>G:xb{11+T,FALSE
4gjn034z,"e,b9,tOi0W.b",FALSE
31q3yhm3,tKvLPtW|fb2&,FALSE
os9sskus,pCd.jXau?yKj,FALSE
190zyora,yk'PJ$(}('Zp,FALSE
shmd92v8,4~(gBnsa%s_W,FALSE
bk2y2yv4,5T2][;i9j*le,FALSE
ilk2x390,njaLEs[G(rtJ,FALSE
e997slyc,&<u}E)R;a'Ym,FALSE
9zaujrw9,"}Y=XF[<A&d""m",FALSE
msujk91o,;qV_C.!f<s^W,FALSE
fevaawbl,#[Wq=*O7]Y4s,FALSE
q209town,gsSeWB~)`zc=,FALSE
wz6x60gg,i2mb(EiJ:$6T,FALSE
ytn81r1e,"G,:'#1bJz[1D",FALSE
rq9jlmyj,">KHJKaEF""WG7",FALSE
gxua7u72,Imu?kQPM}lR6,FALSE
4ze0xw3e,]UoK&]<T/H/A,FALSE
8oz82hfx,"soR,xs""_*o6%",FALSE
l87vyf9r,[9>)?djAaG:~,FALSE
a6z8xy1r,4m$otm'jsV_n,FALSE
shuw4rz6,FVf+xyTQIs^t,FALSE
0rapu16f,[4/8P.$ft!\%,FALSE
0faqklaj,"H#iTj)a""7gw,",FALSE
u2r2rtas,4WHNL@Xndf/H,FALSE
g6r9317x,@cP-_9>MfpD4,FALSE
k8tn5zj9,0CRBod{3s(Y*,FALSE
ywsru14o,}qQ>(h%Ni3SR,FALSE
22svdpmj,.NCl~xNA0<QZ,FALSE
u8wv7dhx,^3`G&?CqH;d@,FALSE
3334opk4,"u(-mOF1,n`|$",FALSE
meqlqzli,kHKx!m{o+F-~,FALSE
ao29qrk6,Oj|rAHku0bv.,FALSE
pql2ie2u,/EQ<?NA/)(SY,FALSE
uzfp62dz,"\,?M,s""BFJU0",FALSE
km8bhoy5,\|6uw[5ujt<},FALSE
1a6j49nu,iXv)DI8@)jaH,FALSE
vwvml1d2,!wxE+A'_v*kd,FALSE
f3d3nga6,CLcab|3:$$Mg,FALSE
hng1lgl3,m0(')2('kD1>,FALSE
svcjz5j8,d=HuaCwL:4*{,FALSE
zwiuznnw,"[tw^*H2K4""~e",FALSE
4pe7rzsr,j`X#|pVBlOTq,FALSE
2ad9y570,5>sf++Rqj4C:,FALSE
q8dgymvu,"~,3]ygL?G6V(",FALSE
7oroj4my,i5'ny\;:&rgr,FALSE
j502qoc9,3V0XBhn>NysK,FALSE
h3mek6kl,m&|xe$~?fr<3,FALSE
78n0rle1,6#%:8{sX{^)T,FALSE
fqrnrws9,"^n#fS-""Tn6R=",FALSE
9g0esnez,"l,Op""N|~y#e)",FALSE
0xfg0cg0,TJgs>Co/I=%',FALSE
6jyknf2f,cAuMEJHwzOpV,FALSE
lev43ipw,h}?E'xQIczSu,FALSE
0bhlxjtv,-G}`5]REV(SM,FALSE
0z2mibpu,A>=$F8_H-y+k,FALSE
sl9gn1so,+|J1PSPxbr0g,FALSE
4rh34zp3,Yslo~5js%}zP,FALSE
hd4u1ql5,-oX}@=TpK3c$,FALSE
jsbs54pu,"qs2nx)`ip9B""",FALSE
ww5bp0f5,C}Gl\8)&w-^T,FALSE
pl8q4a59,"=n<`!L)6sj""H",FALSE
nnx9wewj,\3s2$$Vnz9Kz,FALSE
tplx2mj3,(g&U`}G:%BHM,FALSE
8yz7vl2b,~LW_mEYahR]:,FALSE
irr2vkob,1p-U_&<W@Gk4,FALSE
w4tybnyv,3s5wYAm\G=K/,FALSE
kox3nb5v,uTI=M>1L;J#8,FALSE
phryb18u,rZ.zyEW|`K4',FALSE
xngf1fel,/z+g]RYMIdFl,FALSE
i9q3krcf,"zSgcO.d,#'^Q",FALSE
ddr0cq6j,*6g5}8:.di+],FALSE
ow108yzr,"D,X1iS?]~y""\",FALSE
zvfqx0ws,IPS2N-f*?!ry,FALSE
2e4fzawh,i!=~p4SL7]^/,FALSE
